insert into user_tb (id, email, password, username, phone_number, address, roles) values (1, 'aaaaaa@gmail.com', '{bcrypt}$2a$10$x1V7huFWMKlKmtKYV0rLhO.KxEBzVcMRejjjfvv293XMsstztDcMG', 'Colver Bradburn', '2285256418', '3 Valley Edge Point', 'ROLE_ADMIN');
insert into user_tb (id, email, password, username, phone_number, address, roles) values (2, 'malesi1@businessweek.com', '{bcrypt}$2a$10$x1V7huFWMKlKmtKYV0rLhO.KxEBzVcMRejjjfvv293XMsstztDcMG', 'Manuel Alesi', '8669275722', '60 Cardinal Parkway', 'ROLE_USER');

INSERT INTO category (id, category_name, super_category_id) VALUES (1, '가구', NULL);
INSERT INTO category (id, category_name, super_category_id) VALUES (2, '조명', NULL);
INSERT INTO category (id, category_name, super_category_id) VALUES (3, '인테리어 장식', NULL);
INSERT INTO category (id, category_name, super_category_id) VALUES (4, '침대', 1);
INSERT INTO category (id, category_name, super_category_id) VALUES (5, '소파', 1);
INSERT INTO category (id, category_name, super_category_id) VALUES (6, '테이블', 1);
INSERT INTO category (id, category_name, super_category_id) VALUES (7, '의자', 1);
INSERT INTO category (id, category_name, super_category_id) VALUES (8, '서랍장', 1);
INSERT INTO category (id, category_name, super_category_id) VALUES (9, '식탁', 1);
INSERT INTO category (id, category_name, super_category_id) VALUES (10, '수납 가구', 1);
INSERT INTO category (id, category_name, super_category_id) VALUES (11, '전등', 2);
INSERT INTO category (id, category_name, super_category_id) VALUES (12, '스탠드', 2);
INSERT INTO category (id, category_name, super_category_id) VALUES (13, '조명 소품', 2);
INSERT INTO category (id, category_name, super_category_id) VALUES (14, '실내 조명', 2);
INSERT INTO category (id, category_name, super_category_id) VALUES (15, '실외 조명', 2);
INSERT INTO category (id, category_name, super_category_id) VALUES (16, '테이블 램프', 2);
INSERT INTO category (id, category_name, super_category_id) VALUES (17, '시계', 3);
INSERT INTO category (id, category_name, super_category_id) VALUES (18, '화분', 3);
INSERT INTO category (id, category_name, super_category_id) VALUES (19, '벽걸이 장식', 3);
INSERT INTO category (id, category_name, super_category_id) VALUES (20, '장식용 쿠션', 3);
INSERT INTO category (id, category_name, super_category_id) VALUES (21, '책장', 1);
INSERT INTO category (id, category_name, super_category_id) VALUES (22, '장식용 액자', 3);
INSERT INTO category (id, category_name, super_category_id) VALUES (23, '5단 서랍장', 8);
INSERT INTO category (id, category_name, super_category_id) VALUES (24, '3단 서랍장', 8);
INSERT INTO category (id, category_name, super_category_id) VALUES (25, '6단 서랍장', 8);
INSERT INTO category (id, category_name, super_category_id) VALUES (26, '원형 식탁', 9);
INSERT INTO category (id, category_name, super_category_id) VALUES (27, '사각 식탁', 9);
INSERT INTO category (id, category_name, super_category_id) VALUES (28, '확장형 식탁', 9);
INSERT INTO category (id, category_name, super_category_id) VALUES (29, '서랍형 수납장', 10);
INSERT INTO category (id, category_name, super_category_id) VALUES (30, '서랍장 형 수납장', 10);
INSERT INTO category (id, category_name, super_category_id) VALUES (31, '선반형 수납장', 10);
INSERT INTO category (id, category_name, super_category_id) VALUES (32, '천장 조명', 14);
INSERT INTO category (id, category_name, super_category_id) VALUES (33, '벽 조명', 14);
INSERT INTO category (id, category_name, super_category_id) VALUES (34, '스탠드 조명', 14);
INSERT INTO category (id, category_name, super_category_id) VALUES (35, '정원 조명', 15);
INSERT INTO category (id, category_name, super_category_id) VALUES (36, '벽면 조명', 15);
INSERT INTO category (id, category_name, super_category_id) VALUES (37, '경로 조명', 15);
INSERT INTO category (id, category_name, super_category_id) VALUES (38, '프레임 액자', 19);
INSERT INTO category (id, category_name, super_category_id) VALUES (39, '월페이퍼', 19);
INSERT INTO category (id, category_name, super_category_id) VALUES (40, '벽 스티커', 19);
INSERT INTO category (id, category_name, super_category_id) VALUES (41, '솜털 쿠션', 20);
INSERT INTO category (id, category_name, super_category_id) VALUES (42, '포근 쿠션', 20);
INSERT INTO category (id, category_name, super_category_id) VALUES (43, '도자기 쿠션', 20);
INSERT INTO category (id, category_name, super_category_id) VALUES (44, '일반 책상', 21);
INSERT INTO category (id, category_name, super_category_id) VALUES (45, '전면 책상', 21);
INSERT INTO category (id, category_name, super_category_id) VALUES (46, '독서실 책상', 21);
INSERT INTO category (id, category_name, super_category_id) VALUES (47, '목재 액자', 22);
INSERT INTO category (id, category_name, super_category_id) VALUES (48, '금속 액자', 22);
INSERT INTO category (id, category_name, super_category_id) VALUES (49, '유리 액자', 22);


insert into product (id, delivery_fee, description, price, product_name, category_id) values (1, 500, '이거슨 레스비 책상이여', 1000, '레쓰비 책상1', 44);
insert into product (id, delivery_fee, description, price, product_name, category_id) values (2, 500, '이거슨 레스비 책상이여', 1000, '레쓰비 책상2', 44);
insert into product (id, delivery_fee, description, price, product_name, category_id) values (3, 500, '이거슨 레스비 책상이여', 1000, '레쓰비 책상3', 44);
insert into product (id, delivery_fee, description, price, product_name, category_id) values (4, 500, '이거슨 레스비 책상이여', 1000, '레쓰비 책상4', 45);
insert into product (id, delivery_fee, description, price, product_name, category_id) values (5, 500, '이거슨 레스비 책상이여', 1000, '레쓰비 책상5', 45);
insert into product (id, delivery_fee, description, price, product_name, category_id) values (6, 500, '이거슨 레스비 책상이여', 1000, '레쓰비 책상6', 45);
insert into product (id, delivery_fee, description, price, product_name, category_id) values (7, 500, '이거슨 레스비 책상이여', 1000, '레쓰비 책상7', 46);
insert into product (id, delivery_fee, description, price, product_name, category_id) values (8, 500, '이거슨 레스비 책상이여', 1000, '레쓰비 책상8', 46);
insert into product (id, delivery_fee, description, price, product_name, category_id) values (9, 500, '이거슨 레스비 책상이여', 1000, '레쓰비 책상9', 46);

insert into option_tb (id, option_name, price, stock_quantity, product_id) values (1, '검정 책상', 1000, 60, 1);
insert into option_tb (id, option_name, price, stock_quantity, product_id) values (2, '하양 책상', 2000, 60, 1);
insert into option_tb (id, option_name, price, stock_quantity, product_id) values (3, '갈색 책상', 3000, 60, 1);
insert into option_tb (id, option_name, price, stock_quantity, product_id) values (4, '검정 책상', 1000, 60, 2);
insert into option_tb (id, option_name, price, stock_quantity, product_id) values (5, '하양 책상', 2000, 60, 2);
insert into option_tb (id, option_name, price, stock_quantity, product_id) values (6, '갈색 책상', 3000, 60, 2);
insert into option_tb (id, option_name, price, stock_quantity, product_id) values (7, '검정 책상', 1000, 60, 3);
insert into option_tb (id, option_name, price, stock_quantity, product_id) values (8, '하양 책상', 2000, 60, 3);
insert into option_tb (id, option_name, price, stock_quantity, product_id) values (9, '갈색 책상', 3000, 60, 3);
insert into option_tb (id, option_name, price, stock_quantity, product_id) values (10, '검정 책상', 1000, 60, 4);
insert into option_tb (id, option_name, price, stock_quantity, product_id) values (11, '하양 책상', 2000, 60, 4);
insert into option_tb (id, option_name, price, stock_quantity, product_id) values (12, '갈색 책상', 3000, 60, 4);
insert into option_tb (id, option_name, price, stock_quantity, product_id) values (13, '검정 책상', 1000, 60, 5);
insert into option_tb (id, option_name, price, stock_quantity, product_id) values (14, '하양 책상', 2000, 60, 5);
insert into option_tb (id, option_name, price, stock_quantity, product_id) values (15, '갈색 책상', 3000, 60, 5);
insert into option_tb (id, option_name, price, stock_quantity, product_id) values (16, '검정 책상', 1000, 60, 6);
insert into option_tb (id, option_name, price, stock_quantity, product_id) values (17, '하양 책상', 2000, 60, 6);
insert into option_tb (id, option_name, price, stock_quantity, product_id) values (18, '갈색 책상', 3000, 60, 6);
insert into option_tb (id, option_name, price, stock_quantity, product_id) values (19, '검정 책상', 1000, 60, 7);
insert into option_tb (id, option_name, price, stock_quantity, product_id) values (20, '하양 책상', 2000, 60, 7);
insert into option_tb (id, option_name, price, stock_quantity, product_id) values (21, '갈색 책상', 3000, 60, 7);
insert into option_tb (id, option_name, price, stock_quantity, product_id) values (22, '검정 책상', 1000, 60, 8);
insert into option_tb (id, option_name, price, stock_quantity, product_id) values (23, '하양 책상', 2000, 60, 8);
insert into option_tb (id, option_name, price, stock_quantity, product_id) values (24, '갈색 책상', 3000, 60, 8);
insert into option_tb (id, option_name, price, stock_quantity, product_id) values (25, '검정 책상', 1000, 60, 9);
insert into option_tb (id, option_name, price, stock_quantity, product_id) values (26, '하양 책상', 2000, 60, 9);
insert into option_tb (id, option_name, price, stock_quantity, product_id) values (27, '갈색 책상', 3000, 60, 9);

--1번 장바구니는 주문이 있으므로 삭제 불가
insert into cart_tb (id, price, quantity, option_id, user_id) values (1, 4000,  1, 3, 1);
insert into cart_tb (id, price, quantity, option_id, user_id) values (2, 8000,  2, 6, 1);
insert into cart_tb (id, price, quantity, option_id, user_id) values (3, 12000, 3, 9, 1);
insert into cart_tb (id, price, quantity, option_id, user_id) values (4, 12000, 3, 3, 2);
insert into cart_tb (id, price, quantity, option_id, user_id) values (5, 8000,  2, 6, 2);
insert into cart_tb (id, price, quantity, option_id, user_id) values (6, 4000,  1, 9, 2);

insert into product_file (id, file_name, file_path, file_size, file_type, uuid, product_id) values (1, 'pic1.png', 'C:/shoppingFiles/', 58636, '.png', 'asdf-asdf-asdf', 1);
insert into product_file (id, file_name, file_path, file_size, file_type, uuid, product_id) values (2, 'pic2.png', 'C:/shoppingFiles/', 58636, '.png', 'asdf-asdf-asdf', 1);
insert into product_file (id, file_name, file_path, file_size, file_type, uuid, product_id) values (3, 'pic3.png', 'C:/shoppingFiles/', 58636, '.png', 'asdf-asdf-asdf', 1);
insert into product_file (id, file_name, file_path, file_size, file_type, uuid, product_id) values (4, 'pic4.png', 'C:/shoppingFiles/', 58636, '.png', 'asdf-asdf-asdf', 2);
insert into product_file (id, file_name, file_path, file_size, file_type, uuid, product_id) values (5, 'pic5.png', 'C:/shoppingFiles/', 58636, '.png', 'asdf-asdf-asdf', 2);
insert into product_file (id, file_name, file_path, file_size, file_type, uuid, product_id) values (6, 'pic6.png', 'C:/shoppingFiles/', 58636, '.png', 'asdf-asdf-asdf', 2);
insert into product_file (id, file_name, file_path, file_size, file_type, uuid, product_id) values (7, 'pic7.png', 'C:/shoppingFiles/', 58636, '.png', 'asdf-asdf-asdf', 3);
insert into product_file (id, file_name, file_path, file_size, file_type, uuid, product_id) values (8, 'pic8.png', 'C:/shoppingFiles/', 58636, '.png', 'asdf-asdf-asdf', 4);
insert into product_file (id, file_name, file_path, file_size, file_type, uuid, product_id) values (9, 'pic9.png', 'C:/shoppingFiles/', 58636, '.png', 'asdf-asdf-asdf', 5);

insert into order_tb (id, order_date, user_id) values (1, '2023-12-27', 1);

insert into order_check (id, price, order_date, order_id, quantity, tid, option_id, user_id) values (1,  4000,  '2019-08-11 08:43:12', '7125ba6b-f8fa-4b97-a2e4-f35cc222fe4c:2', 1, 'UT0010033m01011011918398698684', 3, 1);
insert into order_check (id, price, order_date, order_id, quantity, tid, option_id, user_id) values (2,  8000,  '2023-08-21 08:43:12', '7125ba6b-f8fa-4b97-a2e4-f35cc222fe4c:2', 2, 'UT0010033m01019235923148442464', 6, 1);
insert into order_check (id, price, order_date, order_id, quantity, tid, option_id, user_id) values (3,  12000, '2023-08-21 08:43:12', '7125ba6b-f8fa-4b97-a2e4-f35cc222fe4c:2', 3, 'UT0010033m01029782978428442464', 9, 1);
insert into order_check (id, price, order_date, order_id, quantity, tid, option_id, user_id) values (4,  12000, '2023-10-11 08:43:12', '7125ba6b-f8fa-4b97-a2e4-f35cc222fe4c:2', 3, 'UT0010033m01119184428442464464', 8, 1);
insert into order_check (id, price, order_date, order_id, quantity, tid, option_id, user_id) values (5,  12000, '2023-10-11 08:43:12', '7125ba6b-f8fa-4b97-a2e4-f35cc222fe4c:2', 3, 'UT0010033m01012402495695638073', 9, 1);
insert into order_check (id, price, order_date, order_id, quantity, tid, option_id, user_id) values (6,  12000, '2023-10-11 08:43:12', '7125ba6b-f8fa-4b97-a2e4-f35cc222fe4c:2', 3, 'UT0010033m01011011918442487826', 7, 1);
insert into order_check (id, price, order_date, order_id, quantity, tid, option_id, user_id) values (7,  12000, '2023-10-11 08:43:12', '7125ba6b-f8fa-4b97-a2e4-f35cc222fe4c:2', 3, 'UT0010033m01012414963916391664', 8, 1);
insert into order_check (id, price, order_date, order_id, quantity, tid, option_id, user_id) values (8,  12000, '2023-10-21 08:43:12', '7125ba6b-f8fa-4b97-a2e4-f35cc222fe4c:2', 3, 'UT0010033m01012454119184823792', 9, 1);
insert into order_check (id, price, order_date, order_id, quantity, tid, option_id, user_id) values (9,  12000, '2023-10-21 08:43:12', '7125ba6b-f8fa-4b97-a2e4-f35cc222fe4c:2', 3, 'UT0010033m01012401011918398664', 7, 1);
insert into order_check (id, price, order_date, order_id, quantity, tid, option_id, user_id) values (10, 12000, '2023-10-31 08:43:12', '7125ba6b-f8fa-4b97-a2e4-f35cc222fe4c:2', 3, 'UT0010033m01012401011914459464', 9, 1);
insert into order_check (id, price, order_date, order_id, quantity, tid, option_id, user_id) values (11, 12000, '2023-10-31 08:43:12', '7125ba6b-f8fa-4b97-a2e4-f35cc222fe4c:2', 3, 'UT0010033m01012401049722842664', 8, 1);
insert into order_check (id, price, order_date, order_id, quantity, tid, option_id, user_id) values (12, 12000, '2023-12-11 08:43:12', '7125ba6b-f8fa-4b97-a2e4-f35cc222fe4c:2', 3, 'UT0010033m01012401011918442484', 9, 1);
insert into order_check (id, price, order_date, order_id, quantity, tid, option_id, user_id) values (13, 12000, '2023-12-21 08:43:12', '7125ba6b-f8fa-4b97-a2e4-f35cc222fe4c:2', 3, 'UT0010033m01012401011259563807', 7, 1);
insert into order_check (id, price, order_date, order_id, quantity, tid, option_id, user_id) values (14, 12000, '2023-12-21 08:43:12', '7125ba6b-f8fa-4b97-a2e4-f35cc222fe4c:2', 3, 'UT0010033m01012401011918378526', 8, 1);
insert into order_check (id, price, order_date, order_id, quantity, tid, option_id, user_id) values (15, 12000, '2023-12-21 08:43:12', '7125ba6b-f8fa-4b97-a2e4-f35cc222fe4c:2', 3, 'UT0010033m01012401019846963916', 9, 1);
insert into order_check (id, price, order_date, order_id, quantity, tid, option_id, user_id) values (16, 12000, '2023-12-21 08:43:12', '7125ba6b-f8fa-4b97-a2e4-f35cc222fe4c:2', 3, 'UT0010033m01012401024958997923', 7, 1);
insert into order_check (id, price, order_date, order_id, quantity, tid, option_id, user_id) values (17, 12000, '2023-12-31 08:43:12', '7125ba6b-f8fa-4b97-a2e4-f35cc222fe4c:2', 3, 'UT0010033m01012401011918394986', 8, 1);
insert into order_check (id, price, order_date, order_id, quantity, tid, option_id, user_id) values (18, 12000, '2023-12-31 08:43:12', '7125ba6b-f8fa-4b97-a2e4-f35cc222fe4c:2', 3, 'UT0010033m01012401238475923164', 9, 1);
insert into order_check (id, price, order_date, order_id, quantity, tid, option_id, user_id) values (19, 12000, '2023-12-31 08:43:12', '7125ba6b-f8fa-4b97-a2e4-f35cc222fe4c:2', 3, 'UT0010033m01012401011912978426', 7, 1);
insert into order_check (id, price, order_date, order_id, quantity, tid, option_id, user_id) values (20, 12000, '2024-01-01 08:43:12', '7125ba6b-f8fa-4b97-a2e4-f35cc222fe4c:2', 3, 'UT0010033m01012401011918442464', 9, 1);

insert into product_comment (id, contents, create_time, star, update_time, order_check_id) values (1,  'OC', '2023-10-16 08:43:12', 3, '2023-10-26 08:43:12', 5);
insert into product_comment (id, contents, create_time, star, update_time, order_check_id) values (2,  'NA', '2023-10-14 08:43:12', 5, '2023-09-09 08:43:12', 6);
insert into product_comment (id, contents, create_time, star, update_time, order_check_id) values (3,  'AS', '2023-10-15 08:43:12', 5, '2023-10-02 08:43:12', 7);
insert into product_comment (id, contents, create_time, star, update_time, order_check_id) values (4,  'AF', '2024-01-20 08:43:12', 1, '2023-09-29 08:43:12', 8);
insert into product_comment (id, contents, create_time, star, update_time, order_check_id) values (5,  'OC', '2024-01-31 08:43:12', 2, '2023-12-10 08:43:12', 9);
insert into product_comment (id, contents, create_time, star, update_time, order_check_id) values (6,  'NA', '2023-12-29 08:43:12', 5, '2023-12-07 08:43:12', 10);
insert into product_comment (id, contents, create_time, star, update_time, order_check_id) values (7,  'NA', '2023-09-19 08:43:12', 4, '2024-01-14 08:43:12', 11);
insert into product_comment (id, contents, create_time, star, update_time, order_check_id) values (8,  'AS', '2023-12-23 08:43:12', 2, '2023-10-09 08:43:12', 12);
insert into product_comment (id, contents, create_time, star, update_time, order_check_id) values (9,  'NA', '2023-11-03 08:43:12', 5, '2023-10-22 08:43:12', 13);
insert into product_comment (id, contents, create_time, star, update_time, order_check_id) values (10, 'AS', '2023-10-16 08:43:12', 5, '2024-01-13 08:43:12', 14);
insert into product_comment (id, contents, create_time, star, update_time, order_check_id) values (11, 'NA', '2023-10-09 08:43:12', 2, '2023-09-03 08:43:12', 15);
insert into product_comment (id, contents, create_time, star, update_time, order_check_id) values (12, 'NA', '2023-12-06 08:43:12', 4, '2023-11-06 08:43:12', 16);
insert into product_comment (id, contents, create_time, star, update_time, order_check_id) values (13, 'EU', '2024-01-03 08:43:12', 5, '2023-09-12 08:43:12', 17);
insert into product_comment (id, contents, create_time, star, update_time, order_check_id) values (14, 'OC', '2023-12-04 08:43:12', 2, '2023-09-11 08:43:12', 18);
insert into product_comment (id, contents, create_time, star, update_time, order_check_id) values (15, 'NA', '2023-12-04 08:43:12', 1, '2023-10-24 08:43:12', 19);

insert into comment_file (id, file_name, file_path, file_size, file_type, uuid, product_comment_id) values (1, 'pic1.png', 'C:/shoppingFiles/', 58636, '.png', 'asdf-asdf-asdf', 1);
insert into comment_file (id, file_name, file_path, file_size, file_type, uuid, product_comment_id) values (2, 'pic2.png', 'C:/shoppingFiles/', 58636, '.png', 'asdf-asdf-asdf', 2);
insert into comment_file (id, file_name, file_path, file_size, file_type, uuid, product_comment_id) values (3, 'pic3.png', 'C:/shoppingFiles/', 58636, '.png', 'asdf-asdf-asdf', 3);
insert into comment_file (id, file_name, file_path, file_size, file_type, uuid, product_comment_id) values (4, 'pic4.png', 'C:/shoppingFiles/', 58636, '.png', 'asdf-asdf-asdf', 4);
insert into comment_file (id, file_name, file_path, file_size, file_type, uuid, product_comment_id) values (5, 'pic5.png', 'C:/shoppingFiles/', 58636, '.png', 'asdf-asdf-asdf', 5);
insert into comment_file (id, file_name, file_path, file_size, file_type, uuid, product_comment_id) values (6, 'pic6.png', 'C:/shoppingFiles/', 58636, '.png', 'asdf-asdf-asdf', 6);
insert into comment_file (id, file_name, file_path, file_size, file_type, uuid, product_comment_id) values (7, 'pic7.png', 'C:/shoppingFiles/', 58636, '.png', 'asdf-asdf-asdf', 7);
insert into comment_file (id, file_name, file_path, file_size, file_type, uuid, product_comment_id) values (8, 'pic8.png', 'C:/shoppingFiles/', 58636, '.png', 'asdf-asdf-asdf', 8);
insert into comment_file (id, file_name, file_path, file_size, file_type, uuid, product_comment_id) values (9, 'pic9.png', 'C:/shoppingFiles/', 58636, '.png', 'asdf-asdf-asdf', 9);